Category,Name
Books of the Bible,Genesis
Books of the Bible,Exodus
Books of the Bible,Leviticus
Books of the Bible,Numbers
Books of the Bible,Deuteronomy
Books of the Bible,Joshua
Books of the Bible,Judges
Books of the Bible,Ruth
Books of the Bible,1 Samuel
Books of the Bible,2 Samuel
Tribes in the Bible,Aaronites
Tribes in the Bible,Ammonites
Tribes in the Bible,Ashbelites
Tribes in the Bible,Danites
Tribes in the Bible,Hivites
Kings of Biblical Times,David
Kings of Biblical Times,Solomon
Kings of Biblical Times,Hezekiah
Kings of Biblical Times,Josiah
Queens in the Bible,Esther
Queens in the Bible,Jezebel
Queens in the Bible,Vashti
Queens in the Bible,Bathshua
Queens in the Bible,Michaiah
Rivers in the Bible,Jordan
Rivers in the Bible,Euphrates
Rivers in the Bible,Nile
Rivers in the Bible,Tigris
Rivers in the Bible,Gihon
Animals in the Bible,Lion
Animals in the Bible,Bear
Animals in the Bible,Camel
Animals in the Bible,Eagle
Judges in the Bible,Samuel
Judges in the Bible,Deborah
Judges in the Bible,Gideon
Judges in the Bible,Samson
Cities in the Bible,Bethlehem
Cities in the Bible,Jerusalem
Cities in the Bible,Nazareth
Cities in the Bible,Capernaum
Prophets in the Bible,Isaiah
Prophets in the Bible,Jeremiah
Prophets in the Bible,Ezekiel
Prophets in the Bible,Daniel
Stones in the Bible,Sapphire
Stones in the Bible,Emerald
Stones in the Bible,Ruby
Stones in the Bible,Diamond
Mountains in the Bible,Sinai
Mountains in the Bible,Zion
Mountains in the Bible,Olivet
Mountains in the Bible,Carmel
